mag_series_uid,phase_series_uid,vessel,redcap_flow
1.3.6.1.4.1.53684.1.1.3.1887816670.2028.1636387520.819542,1.3.6.1.4.1.53684.1.1.3.1887816670.2028.1636387520.819542,lpa,1
1.3.6.1.4.1.53684.1.1.3.1887816670.2028.1636387520.819544,1.3.6.1.4.1.53684.1.1.3.1887816670.2028.1636387520.819544,rpa,1
1.3.12.2.1107.5.8.15.132618.30000021110413180567300001461,1.3.12.2.1107.5.8.15.132618.30000021110413180567300001492,lpa,1
