,patient,vessel,mag_series_uid,phase_series_uid,description,flow,total_volume,forward_volume,backward_volume,rr,venc,point1_x,point1_y,point2_x,point2_y
0,BCH-ARAALE-1,lpa,1.3.6.1.4.1.53684.1.1.3.1887816670.2028.1636387520.819542,1.3.6.1.4.1.53684.1.1.3.1887816670.2028.1636387520.819542,lpa  2  pc,1.1525474254149906,16.23170957459445,18.432477003438134,2.200767428843682,845.07,120.0,116,130,,
